{"mean":{"confidence_interval":{"confidence_level":0.95,"lower_bound":4878797.645295454,"upper_bound":4900275.992772725},"point_estimate":4888683.403636363,"standard_error":5504.225127926983},"median":{"confidence_interval":{"confidence_level":0.95,"lower_bound":4864184.181818182,"upper_bound":4878162.636363637},"point_estimate":4872095.863636363,"standard_error":3621.843890017493},"median_abs_dev":{"confidence_interval":{"confidence_level":0.95,"lower_bound":14548.349196260311,"upper_bound":29971.417214037017},"point_estimate":21351.933084562836,"standard_error":3905.3681924590164},"slope":null,"std_dev":{"confidence_interval":{"confidence_level":0.95,"lower_bound":34290.12023387138,"upper_bound":72826.25432198941},"point_estimate":55363.91558145017,"standard_error":9845.410589602592}}