{"mean":{"confidence_interval":{"confidence_level":0.95,"lower_bound":39004700.732625,"upper_bound":39305336.435},"point_estimate":39148561.33,"standard_error":76806.37724685366},"median":{"confidence_interval":{"confidence_level":0.95,"lower_bound":38828447.5,"upper_bound":39065744.25},"point_estimate":38919044.75,"standard_error":66702.15191724557},"median_abs_dev":{"confidence_interval":{"confidence_level":0.95,"lower_bound":321268.66544634104,"upper_bound":609351.9250318408},"point_estimate":415263.6505275965,"standard_error":72558.55197149084},"slope":null,"std_dev":{"confidence_interval":{"confidence_level":0.95,"lower_bound":589607.9037900083,"upper_bound":935109.9584252627},"point_estimate":773568.9268686033,"standard_error":88198.58124857975}}