{"mean":{"confidence_interval":{"confidence_level":0.95,"lower_bound":41375763.32875,"upper_bound":41536653.865},"point_estimate":41453103.095,"standard_error":40968.21258972436},"median":{"confidence_interval":{"confidence_level":0.95,"lower_bound":41290354.25,"upper_bound":41403656.0},"point_estimate":41331178.5,"standard_error":31154.403022993996},"median_abs_dev":{"confidence_interval":{"confidence_level":0.95,"lower_bound":200753.18222466856,"upper_bound":348833.5348069668},"point_estimate":279474.1721883416,"standard_error":37977.18639853464},"slope":null,"std_dev":{"confidence_interval":{"confidence_level":0.95,"lower_bound":319580.20290358673,"upper_bound":485030.9094373657},"point_estimate":409361.85123663786,"standard_error":42262.348309655696}}